Time,KS11,KQ11,KS200,USD/KRW,JPY/KRW,BTC/KRW
14:17,2658.850098,865.880005,359.140015,1334.140015,8.841,88889568.0
14:18,2659.929932,866.210022,359.149994,1334.119995,8.841,88897728.0
14:19,2660.320068,866.460022,359.230011,1334.160034,8.843,88997680.0
